{
  "content": [
    {
      "items": [
        {
          "class": "text",
          "name": "menu_handle",
          "label": "{{ messages.menu }}",
          "value": "main-menu",
          "type": "navigation",
          "placeholder": null,
          "general": true
        },
        {
          "class": "text",
          "name": "address_text",
          "label": "Адрес",
          "type": "text",
          "value": "МАЛАЯ НИКИТСКАЯ 8/1"
        },
        {
          "class": "text",
          "name": "hours_text",
          "label": "Время работы",
          "type": "text",
          "value": "Пн-Вс: 11 — 22"
        },
        {
          "class": "text",
          "name": "phone_text",
          "label": "Телефон",
          "type": "text",
          "value": "+7 916 272-51-38"
        },
        {
          "class": "text",
          "name": "email_text",
          "label": "Email",
          "type": "text",
          "value": "LEVASHOVA-ELAGINA@YANDEX.RU"
        }
      ]
    }
  ],
  "design": [
    {
      "type": "group",
      "name": "{{ messages.background }}",
      "items": [
        {
          "name": "bg",
          "label": "{{ messages.widget_background_color }}",
          "value": "",
          "type": "color",
          "clearable": true
        },
        {
          "class": "checkbox",
          "name": "layout-wide-bg",
          "label": "{{ messages.wide_background }}",
          "value": null,
          "type": "checkbox"
        }
      ]
    },
    {
      "type": "group",
      "name": "{{ messages.indentation }}",
      "items": [
        {
          "class": "range",
          "name": "layout-pt",
          "min": 0,
          "max": 10,
          "step": 0.5,
          "label": "{{ messages.padding_top }} (vw)",
          "type": "number",
          "with_btns": true,
          "help": "{{ messages.vw_helper }}",
"unit": "vw"
        },
        {
          "class": "range",
          "name": "layout-pb",
          "min": 0,
          "max": 10,
          "step": 0.5,
          "label": "{{ messages.padding_bottom }} (vw)",
          "type": "number",
          "with_btns": true,
          "help": "{{ messages.vw_helper }}",
"unit": "vw"
        }
      ]
    },
    {
      "type": "group",
      "name": "{{ messages.content }}",
      "items": [
        {
          "name": "align-text",
          "options": [
            {
              "value": "left",
              "title": "{{ messages.align_left }}",
              "icon": "mdi-text-align-left"
            },
            {
              "value": "center",
              "title": "{{ messages.align_center }}",
              "icon": "mdi-text-align-center"
            },
            {
              "value": "right",
              "title": "{{ messages.align_right }}",
              "icon": "mdi-text-align-right"
            }
          ],
          "value": null,
          "label": "{{ messages.alignment }}",
          "type": "icon_group"
        },
        {
          "class": "number",
          "name": "layout-content-max-width",
          "min": 980,
          "max": 2000,
          "label": "{{ messages.content_max_width }} (px)",
          "type": "number",
          "help": "{{ messages.px_helper }}",
"unit": "px",
          "hide_mobile": true
        },
        {
          "class": "checkbox",
          "name": "layout-wide-content",
          "label": "{{ messages.wide_content }}",
          "value": null,
          "type": "checkbox",
          "hide_mobile": true
        },
        {
          "class": "checkbox",
          "name": "layout-edge",
          "label": "{{ messages.remove_padding_at_edges }}",
          "value": null,
          "type": "checkbox"
        }
      ]
    },
    {
      "type": "group",
      "name": "{{ messages.adaptive }}",
      "items": [
        {
          "class": "checkbox",
          "name": "hide-desktop",
          "label": "{{ messages.hide_desktop }}",
          "value": null,
          "type": "checkbox"
        },
        {
          "class": "checkbox",
          "name": "hide-mobile",
          "label": "{{ messages.hide_mobile }}",
          "value": null,
          "type": "checkbox"
        }
      ]
    }
  ]
}
