{
  "current": "custom",
  "generation": 4,
  "not_need_shop_bundle": true,
  "presets": {
    "custom": {
      "bg": "#FFFFFF",
      "color-btn-bg": "#76BC21",
      "color-accent-text": "#76BC21",
      "color-text-dark": "#333333",
      "color-text-light": "#ffffff",
      "icons_pack": "insales-default",
      "controls-btn-border-radius": "0px",
      "color-notice-warning": "#fff3cd",
      "color-notice-success": "#d4edda",
      "color-notice-error": "#f8d7da",
      "color-notice-info": "#cce5ff",
      "font-family": "PT Root UI",
      "font-size": "16",
      "font-family-heading": "PT Root UI",
      "collection_count": 12,
      "search_count": 12,
      "blog_size": "8",
      "product_not_available": "shown",
      "layout-content-max-width": "1240",
      "delta_sidebar": "1",
      "type_sidebar": "sticky",
      "sidebar_index_position": "left",
      "sidebar_collection_position": "left",
      "sidebar_collection_show": true,
      "sidebar_cart_position": "left",
      "sidebar_product_position": "left",
      "sidebar_blog_position": "left",
      "sidebar_article_position": "left",
      "sidebar_page_position": "left",
      "sidebar_compare_position": "left",
      "sidebar_search_position": "left",
      "feedback_captcha_enabled": true,
      "favorite_enabled": true,
      "compare_enabled": true,
      "heading-ratio": 1.5,
      "heading-weight": 600,
      "color-preset": "custom",
      "_settings_version": 1752478566.4136484
    }
  },
  "remote_theme_id": 653,
  "source_account_id": null,
  "system_widgets": true,
  "theme_title": "Levashova_Elagina"
}