{
  "type": "SimpleWidgetType",
  "name": {
    "ru": "Карточка товара"
  },
  "handle": "widget_v4_product_6_e94473bd720fb83e48d88274ee188378",
  "description": {
    "ru": "Карточка товара с галереей (превью снизу)"
  },
  "page_kinds": [
    "product"
  ],
  "widget_list_kinds": [
    "content"
  ],
  "generation": 4,
  "widget_category_handle": "products-cards",
  "libraries": [
    "micromodal",
    "commonjs_v2",
    "jquery",
    "fslightbox",
    "splide",
    "splide3",
    "my-layout"
  ]
}