{
  "layout-wide-bg": false,
  "layout-wide-content": false,
  "layout-pt": 2,
  "layout-pb": 2,
  "hide-mobile": false,
  "hide-desktop": false,
  "img-ratio": 1,
  "product-hide-short-description": false,
  "product-hide-full-description": false,
  "product-hide-variants-title": false,
  "product-hide-compare": false,
  "product-hide-sku": false,
  "product-hide-rating": false,
  "rating-color": "#1B2738",
  "manager-photo": "14147288",
  "img-fit": "contain",
  "show-selected-variant-photos": false,
  "padding-button-vert": "12.8",
  "padding-button-hor": "16",
  "controls-height-xl": "60",
  "controls-font-size-xl": "24",
  "controls-btn-width-size": "450",
  "video-before-image": false,
  "display-property-color": "text",
  "sticker-font-size": 0.9
}
