{
  "content": [
    {
      "group_name":"{{ messages.logo_img }}",
      "items": [
        {
          "name": "logo-img",
          "label": "{{ messages.logo_img }}",
          "value": null,
          "type": "file",
          "general": true,
          "general_position": 1,
          "with_generate_logo": true,
          "only_images": true,
          "branding_field": "logo",
          "help": "{{ messages.logo_recommended_width }}"
        },
        {
          "class": "range",
          "name": "logo-max-width",
          "min": 100,
          "max": 400,
          "step": 20,
          "label": "{{ messages.logo_max_width }} (px)",
          "type": "number",
          "with_btns": true,
          "help": "{{ messages.px_helper }}",
"unit": "px",
          "general": true,
          "general_position": 2
        }
      ]
    },
    {
      "group_name":"{{ messages.menu }}",
      "items": [
        {
          "class": "text",
          "name": "menu-1",
          "label": "{{ messages.menu }} 1",
          "value": "",
          "type": "navigation",
          "placeholder": null,
          "general": true,
          "general_label": "{{ messages.menu }}",
          "general_position": 3
        },
        {
          "class": "text",
          "name": "menu-2",
          "label": "{{ messages.menu }} 2",
          "value": "",
          "type": "navigation",
          "placeholder": null
        },
        {
          "class": "text",
          "name": "menu-3",
          "label": "{{ messages.menu }} 3",
          "value": "",
          "type": "navigation",
          "placeholder": null
        }
      ]
    },
    {
      "type": "group",
      "name": "{{ messages.collections_menu }}",
      "items": [
        {
          "class": "text",
          "name": "category-depth",
          "label": "{{ messages.category_depth }}",
          "options": [
            [
              "1",
              "1"
            ],
            [
              "2",
              "2"
            ],
            [
              "3",
              "3"
            ]
          ],
          "value": null,
          "type": "select",
          "enable_server_reload": true
        }
      ]
    },
    {
      "group_name":"{{ messages.contacts }}",
      "items": [
        {
          "class": "text",
          "name": "phone_number",
          "label": "{{ messages.phone }}",
          "value": "",
          "type": "text",
          "placeholder": null,
          "general": true,
          "general_position": 4,
          "help": "{{ messages.displayed_inside_menu_help }}",
          "branding_field": "account_contact_phone"
        },
        {
          "class": "text",
          "name": "phone_number_2",
          "label": "{{ messages.phone }} 2",
          "value": "",
          "type": "text",
          "placeholder": null,
          "branding_field": "account_contact_phone2"
        },
        {
          "class": "text",
          "name": "address",
          "label": "{{ messages.address }}",
          "value": "",
          "type": "text",
          "placeholder": null,
          "general": true,
          "general_position": 5,
          "help": "{{ messages.displayed_inside_menu_help }}",
          "branding_field": "address"
        }
      ]
    },
    {
      "type": "group",
      "name": "{{ messages.live_search }}",
      "items": [
        {
          "name": "live-search",
          "label": "{{ messages.enable_live_search }}",
          "enable_server_reload": true,
          "value": null,
          "help": "{{ messages.help_live_search }}",
          "type": "checkbox"
        }
      ]
    },
    {
      "group_name":"{{ messages.elements }}",
      "items": [

        {
          "class": "checkbox",
          "name": "hide-catalog",
          "label": "{{ messages.hide_catalog }}",
          "value": null,
          "type": "checkbox",
          "general": true,
          "help": "{{ messages.displayed_inside_menu_help }}",
          "general_position": 100
        },
        {
          "class": "checkbox",
          "name": "hide-search",
          "label": "{{ messages.hide_search }}",
          "value": null,
          "type": "checkbox",
          "general": true,
          "general_position": 100
        },
        {
          "class": "checkbox",
          "name": "hide-language",
          "label": "{{ messages.hide_language }}",
          "value": null,
          "type": "checkbox",
          "help": "{{ messages.hide_language_help }}",
          "general": true,
          "general_position": 100
        },
        {
          "class": "checkbox",
          "name": "hide-personal",
          "label": "{{ messages.hide_personal }}",
          "value": null,
          "type": "checkbox",
          "general": true,
          "general_position": 100
        },
        {
          "class": "checkbox",
          "name": "hide-compare",
          "label": "{{ messages.hide_comparison }}",
          "value": null,
          "type": "checkbox",
          "general": true,
          "general_position": 100,
          "help": "{{ messages.hide_compare_help }}",
          "enable_server_reload": true
        },
        {
          "class": "checkbox",
          "name": "hide-favorite",
          "label": "{{ messages.hide_favorites }}",
          "value": null,
          "type": "checkbox",
          "general": true,
          "general_position": 100,
          "enable_server_reload": true,
          "help": "{{ messages.hide_favorite_help }}"
        },
        {
          "class": "checkbox",
          "name": "hide-social",
          "label": "{{ messages.hide_block_social_networks_messengers }}",
          "value": null,
          "type": "checkbox",
          "general_label": "{{ messages.hide_block_social_networks_messengers }}",
          "general": true,
          "general_position": 100
        },
        {
          "name": "social-networks-messengers-info",
          "label": "{{ messages.social_networks_messengers }}",
          "value": null,
          "type": "info",
          "text": "{{ messages.social_networks_messengers_help }}",
          "general": true,
          "general_position": 200
        }
      ]
    }
  ],
  "design": [
    {
      "type": "group",
      "name": "{{ messages.stylization }}",
      "items": [
        {
          "name": "bage-bg",
          "label": "{{ messages.bages_background_color }}",
          "value": "",
          "type": "color"
        },
        {
          "name": "bg",
          "label": "{{ messages.widget_background_color }}",
          "value": "",
          "type": "color",
          "clearable": true
        },
        {
          "class": "checkbox",
          "name": "layout-wide-bg",
          "label": "{{ messages.wide_background }}",
          "value": null,
          "type": "checkbox"
        }
      ]
    },

    {
      "type": "group",
      "name": "{{ messages.catalog }}",
      "items": [
        {
          "class": "select",
          "name": "catalog-location",
          "options": [
            [
              "{{ messages.visible_immediately }}",
              "show-immediately"
            ],
            [
              "{{ messages.in_sidebar }}",
              "side-panel"
            ]
          ],
          "label": "{{ messages.location_on_desktop }}",
          "type": "select"
        }
      ]
    },
    {
      "type": "group",
      "name": "{{ messages.indentation }}",
      "items": [
        {
          "class": "range",
          "name": "layout-pt",
          "min": 0,
          "max": 10,
          "step": 0.5,
          "label": "{{ messages.padding_top }} (vw)",
          "type": "number",
          "with_btns": true,
          "help": "{{ messages.vw_helper }}",
"unit": "vw"
        },
        {
          "class": "range",
          "name": "layout-pb",
          "min": 0,
          "max": 10,
          "step": 0.5,
          "label": "{{ messages.padding_bottom }} (vw)",
          "type": "number",
          "with_btns": true,
          "help": "{{ messages.vw_helper }}",
"unit": "vw"
        }
      ]
    },
    {
      "type": "group",
      "name": "{{ messages.content }}",
      "items": [
        {
          "class": "number",
          "name": "layout-content-max-width",
          "min": 1060,
          "max": 2000,
          "label": "{{ messages.content_max_width }} (px)",
          "type": "number",
          "help": "{{ messages.px_helper }}",
"unit": "px",
          "hide_mobile": true
        },
        {
          "class": "checkbox",
          "name": "layout-wide-content",
          "label": "{{ messages.wide_content }}",
          "value": null,
          "type": "checkbox",
          "hide_mobile": true
        }
      ]
    },
    {
      "type": "group",
      "name": "{{ messages.adaptive }}",
      "items": [
        {
          "class": "select",
          "name": "mobile-panel-right-btn",
          "options": [
            [
              "{{ messages.cart }}",
              "cart"
            ],
            [
              "{{ messages.first_phone }}",
              "first-phone"
            ]
          ],
          "label": "{{ messages.right_button_mobile_panel }}",
          "type": "select",
          "help": "{{ messages.right_button_mobile_panel_help }}"
        },
        {
          "class": "checkbox",
          "name": "hide-desktop",
          "label": "{{ messages.hide_desktop }}",
          "value": null,
          "type": "checkbox"
        },
        {
          "class": "checkbox",
          "name": "hide-mobile",
          "label": "{{ messages.hide_mobile }}",
          "value": null,
          "type": "checkbox"
        }
      ]
    }
  ]
}
