{
  "type": "SimpleWidgetType",
  "name": {
    "ru": "LE Карточка товара для подарочного сертификата"
  },
  "handle": "le-product-card-gift-certificate",
  "description": {
    "ru": "LE Карточка товара для подарочного сертификата"
  },
  "page_kinds": [
    "product"
  ],
  "widget_list_kinds": [
    "content"
  ],
  "generation": 4,
  "widget_category_handle": "products-cards",
  "libraries": [
    "commonjs_v2",
    "my-layout"
  ]
}