{
  "block_lists": {
    "block-list-b3f05b90285e742d00-3": {
      "block_template": "system-text-hex-2",
      "title": "Цвет  стикеров 1",
      "blocks": [
        "tsvet-stikerov-1-3",
        "tsvet-stikerov-2-3"
      ]
    },
    "block-list-72f6141fd42cd0a900": {
      "block_template": "system-collection",
      "title": "Товары из определенной категории",
      "blocks": [
        "tovary-iz-opredelennoy-kategorii-2-300"
      ]
    },
    "block-list-f063d003ca22b5a7": {
      "block_template": "system-collection-2",
      "title": "Товары из определенной категории с табами",
      "blocks": [
        "tovary-iz-opredelennoy-kategorii-s-tabami-2"
      ]
    }
  },
  "blocks": {
    "tsvet-stikerov-1-3": {
      "block_template": "system-text-hex-2",
      "title": "Новинка",
      "name": "Новинка",
      "hex": "#76BC21"
    },
    "tsvet-stikerov-2-3": {
      "block_template": "system-text-hex-2",
      "title": "Распродажа",
      "name": "Распродажа",
      "hex": "#FE7200"
    },
    "tovary-iz-opredelennoy-kategorii-2-300": {
      "block_template": "system-collection",
      "title": "Категория",
      "collection": "all"
    },
    "tovary-iz-opredelennoy-kategorii-s-tabami-2": {
      "block_template": "system-collection-2",
      "title": "Категория",
      "collection": "all",
      "name": "Каталог"
    }
  },
  "theme_widgets": {
    "widget_lists": [
      {
        "handle": "article-section_bottom-list",
        "kind": "after_content",
        "name": {
          "ru": "Нижняя секция статьи",
          "en": "Bottom section of the article",
          "ee": null,
          "lv": null,
          "lt": null,
          "ua": "Нижня секція статті",
          "fr": null,
          "de": null,
          "it": null,
          "cn": null,
          "jp": null,
          "pl": null,
          "az": null,
          "he": null,
          "bg": null,
          "el": null,
          "cz": null,
          "pt": null,
          "fi": null,
          "es": "Sección inferior del artículo"
        },
        "widgets": []
      },
      {
        "handle": "cart-list",
        "kind": "content",
        "name": {
          "ru": "Корзина",
          "en": "Cart",
          "ee": null,
          "lv": null,
          "lt": null,
          "ua": "Кошик",
          "fr": null,
          "de": null,
          "it": null,
          "cn": null,
          "jp": null,
          "pl": null,
          "az": null,
          "he": null,
          "bg": null,
          "el": null,
          "cz": null,
          "pt": null,
          "fi": null,
          "es": "Carro"
        },
        "widgets": [
          {
            "settings_data": {
              "layout-wide-bg": true,
              "layout-wide-content": false,
              "layout-pt": 1,
              "layout-pb": 1,
              "hide-mobile": false,
              "hide-desktop": false,
              "button_text": {
                "ru": "Вернуться к покупкам",
                "en": "Back to shopping",
                "ua": "Повернутися до покупок",
                "es": "Volver a las compras"
              }
            },
            "widget_type": "system_widget_v4_back_to_catalog"
          },
          {
            "settings_data": {
              "layout-wide-bg": true,
              "layout-wide-content": false,
              "layout-pt": 1,
              "layout-pb": 1,
              "hide-mobile": false,
              "hide-desktop": false,
              "page_header": {
                "ru": "Корзина",
                "en": "Cart",
                "ua": "Кошик",
                "es": "Cesta"
              },
              "img-ratio": 1,
              "img-fit": "contain"
            },
            "widget_type": "system_widget_v4_cart_2"
          },
          {
            "settings_data": {
              "layout-wide-bg": false,
              "layout-wide-content": false,
              "layout-pt": 3,
              "layout-pb": 3,
              "hide-mobile": false,
              "hide-desktop": false,
              "count_special_products": 8,
              "img-ratio": 1,
              "slide-width": "200",
              "slide-width-mobile": 120,
              "slide-gap": 20,
              "hide-description": true,
              "hide-compare": false,
              "product-desc-limit": 10,
              "switch-img-on-hover": false,
              "product-info-accent": "price",
              "img-fit": "contain",
              "sticker-font-size": 0.7,
              "product-info-align": "left"
            },
            "widget_type": "system_widget_v4_special_products_6",
            "data_handle": "block-list-72f6141fd42cd0a900"
          }
        ]
      },
      {
        "handle": "page-section_top-list",
        "kind": "before_content",
        "name": {
          "ru": "Верхняя секция страницы",
          "en": "Top section of the page",
          "ee": null,
          "lv": null,
          "lt": null,
          "ua": "Верхня секція сторінки",
          "fr": null,
          "de": null,
          "it": null,
          "cn": null,
          "jp": null,
          "pl": null,
          "az": null,
          "he": null,
          "bg": null,
          "el": null,
          "cz": null,
          "pt": null,
          "fi": null,
          "es": "Sección superior de la página"
        },
        "widgets": []
      },
      {
        "handle": "bottom-panel-list",
        "kind": "bottom_panel",
        "name": {
          "ru": "Нижняя панель",
          "en": "Bottom panel",
          "ee": null,
          "lv": null,
          "lt": null,
          "ua": "Нижня панель",
          "fr": null,
          "de": null,
          "it": null,
          "cn": null,
          "jp": null,
          "pl": null,
          "az": null,
          "he": null,
          "bg": null,
          "el": null,
          "cz": null,
          "pt": null,
          "fi": null,
          "es": "El panel inferior"
        },
        "widgets": [
          {
            "settings_data": {
              "layout-wide-bg": true,
              "layout-pt": 0.5,
              "layout-pb": 0.5,
              "hide-mobile": false,
              "hide-desktop": true,
              "bage-bg": "#76BC21",
              "hide-favorites": false,
              "show-catalog-instead-home": false
            },
            "widget_type": "system_widget_v4_bottom_navigation_bar_1"
          }
        ]
      },
      {
        "handle": "index-section_top-list",
        "kind": "before_content",
        "name": {
          "ru": "Верхняя секция страницы",
          "en": "Top section of the page",
          "ee": null,
          "lv": null,
          "lt": null,
          "ua": "Верхня секція сторінки",
          "fr": null,
          "de": null,
          "it": null,
          "cn": null,
          "jp": null,
          "pl": null,
          "az": null,
          "he": null,
          "bg": null,
          "el": null,
          "cz": null,
          "pt": null,
          "fi": null,
          "es": "Sección superior de la página"
        },
        "widgets": []
      },
      {
        "handle": "article-list",
        "kind": "content",
        "name": {
          "ru": "Статья",
          "en": "Article",
          "ee": null,
          "lv": null,
          "lt": null,
          "ua": "Стаття",
          "fr": null,
          "de": null,
          "it": null,
          "cn": null,
          "jp": null,
          "pl": null,
          "az": null,
          "he": null,
          "bg": null,
          "el": null,
          "cz": null,
          "pt": null,
          "fi": null,
          "es": "Artículo"
        },
        "widgets": [
          {
            "settings_data": {
              "layout-wide-bg": false,
              "layout-wide-content": false,
              "layout-pt": 3,
              "layout-pb": 3,
              "hide-mobile": false,
              "hide-desktop": false,
              "article-hide-photo": false,
              "img-border-radius": 6,
              "img-ratio": 2,
              "article-max-width": 850
            },
            "widget_type": "system_widget_v4_article_1"
          },
          {
            "settings_data": {
              "layout-wide-bg": true,
              "layout-wide-content": false,
              "layout-pt": 3,
              "layout-pb": 3,
              "hide-mobile": false,
              "hide-desktop": false,
              "count-special-products": 8,
              "img-ratio": 1,
              "slide-width": 160,
              "slide-width-mobile": 130,
              "slide-gap": 30,
              "slide-gap-mobile": 15,
              "hide-description": true,
              "product-hide-compare": false,
              "product-desc-limit": 10,
              "switch-img-on-hover": false,
              "product-info-accent": "price",
              "img-fit": "contain",
              "sticker-font-size": 0.7,
              "product-info-align": "left",
              "title": {
                "ru": "Товары, упомянутые в статье",
                "en": "Products mentioned in the article",
                "ua": "Товари, згадані в статті",
                "es": "Productos mencionados en el artículo"
              },
              "hide-mobile-modal-variants": false
            },
            "widget_type": "system_widget_v4_article_products_5"
          },
          {
            "settings_data": {
              "layout-wide-bg": false,
              "layout-wide-content": false,
              "layout-pt": 3,
              "layout-pb": 3,
              "hide-mobile": false,
              "hide-desktop": false,
              "grid-list-min-width": 450,
              "grid-list-row-gap": 0,
              "grid-list-column-gap": 2,
              "title": {
                "ru": "Комментарии",
                "en": "Comments",
                "ua": "Відгуки",
                "es": "Opiniones"
              }
            },
            "widget_type": "system_widget_v4_article_comments_1"
          }
        ]
      },
      {
        "handle": "product-section_bottom-list",
        "kind": "after_content",
        "name": {
          "ru": "Нижняя секция страницы товара",
          "en": "Bottom section of the product page",
          "ee": null,
          "lv": null,
          "lt": null,
          "ua": "Нижня секція сторінки товару",
          "fr": null,
          "de": null,
          "it": null,
          "cn": null,
          "jp": null,
          "pl": null,
          "az": null,
          "he": null,
          "bg": null,
          "el": null,
          "cz": null,
          "pt": null,
          "fi": null,
          "es": "Sección inferior de la página del producto"
        },
        "widgets": []
      },
      {
        "handle": "collection-list",
        "kind": "content",
        "name": {
          "ru": "Категория",
          "en": "Category",
          "ee": null,
          "lv": null,
          "lt": null,
          "ua": "Категорія",
          "fr": null,
          "de": null,
          "it": null,
          "cn": null,
          "jp": null,
          "pl": null,
          "az": null,
          "he": null,
          "bg": null,
          "el": null,
          "cz": null,
          "pt": null,
          "fi": null,
          "es": "Categoría"
        },
        "widgets": [
          {
            "settings_data": {
              "layout-wide-bg": true,
              "layout-wide-content": false,
              "layout-pt": 1.5,
              "layout-pb": 0.5,
              "hide-mobile": true,
              "hide-desktop": false
            },
            "widget_type": "system_widget_v4_page_title_1"
          },
          {
            "settings_data": {
              "layout-wide-bg": true,
              "layout-wide-content": false,
              "layout-pt": 0,
              "layout-pb": 2,
              "hide-mobile": false,
              "hide-desktop": false,
              "img-ratio": 1,
              "catalog-grid-list-min-width": 200,
              "catalog-grid-list-min-width-mobile": 150,
              "catalog-grid-list-row-gap": 2,
              "catalog-grid-list-row-gap-mobile": 2,
              "catalog-grid-list-column-gap": 2,
              "catalog-grid-list-column-gap-mobile": 1,
              "hide-description": true,
              "product-desc-limit": 10,
              "switch-img-on-hover": false,
              "product-info-accent": "price",
              "img-fit": "contain",
              "sticker-font-size": 0.7,
              "product-info-align": "left"
            },
            "widget_type": "system_widget_v4_catalog_4"
          },
          {
            "settings_data": {
              "layout-wide-bg": false,
              "layout-wide-content": false,
              "layout-pt": 3,
              "layout-pb": 3,
              "hide-mobile": false,
              "hide-desktop": false,
              "align": "center"
            },
            "widget_type": "system_widget_v4_pagination_3"
          },
          {
            "settings_data": {
              "layout-wide-bg": false,
              "layout-wide-content": false,
              "layout-pt": 2,
              "layout-pb": 2,
              "hide-mobile": false,
              "hide-desktop": false
            },
            "widget_type": "system_widget_v4_collection_description_1"
          }
        ]
      },
      {
        "handle": "top-panel-list",
        "kind": "top_panel",
        "name": {
          "ru": "Верхняя панель",
          "en": "Top panel",
          "ee": null,
          "lv": null,
          "lt": null,
          "ua": "Верхня панель",
          "fr": null,
          "de": null,
          "it": null,
          "cn": null,
          "jp": null,
          "pl": null,
          "az": null,
          "he": null,
          "bg": null,
          "el": null,
          "cz": null,
          "pt": null,
          "fi": null,
          "es": "Panel superior"
        },
        "widgets": []
      },
      {
        "handle": "cart-section_bottom-list",
        "kind": "after_content",
        "name": {
          "ru": "Нижняя секция страницы корзина",
          "en": "Bottom section of the cart page",
          "ee": null,
          "lv": null,
          "lt": null,
          "ua": "Нижня секція сторінки кошик",
          "fr": null,
          "de": null,
          "it": null,
          "cn": null,
          "jp": null,
          "pl": null,
          "az": null,
          "he": null,
          "bg": null,
          "el": null,
          "cz": null,
          "pt": null,
          "fi": null,
          "es": "Sección inferior de la página del carrito"
        },
        "widgets": []
      },
      {
        "handle": "compare-section_top-list",
        "kind": "before_content",
        "name": {
          "ru": "Верхняя секция сравнения",
          "en": "Top section of the comparison page",
          "ee": null,
          "lv": null,
          "lt": null,
          "ua": "Верхня секція порівняння",
          "fr": null,
          "de": null,
          "it": null,
          "cn": null,
          "jp": null,
          "pl": null,
          "az": null,
          "he": null,
          "bg": null,
          "el": null,
          "cz": null,
          "pt": null,
          "fi": null,
          "es": "Sección superior de la página de comparación"
        },
        "widgets": []
      },
      {
        "handle": "search-section_top-list",
        "kind": "before_content",
        "name": {
          "ru": "Верхняя секция поиска",
          "en": "Upper search section",
          "ee": null,
          "lv": null,
          "lt": null,
          "ua": "Верхня секція пошуку",
          "fr": null,
          "de": null,
          "it": null,
          "cn": null,
          "jp": null,
          "pl": null,
          "az": null,
          "he": null,
          "bg": null,
          "el": null,
          "cz": null,
          "pt": null,
          "fi": null,
          "es": "Sección de búsqueda superior"
        },
        "widgets": []
      },
      {
        "handle": "compare-list",
        "kind": "content",
        "name": {
          "ru": "Сравнение",
          "en": "Comparison",
          "ee": null,
          "lv": null,
          "lt": null,
          "ua": "Порівняння",
          "fr": null,
          "de": null,
          "it": null,
          "cn": null,
          "jp": null,
          "pl": null,
          "az": null,
          "he": null,
          "bg": null,
          "el": null,
          "cz": null,
          "pt": null,
          "fi": null,
          "es": "Comparación"
        },
        "widgets": [
          {
            "settings_data": {
              "layout-wide-bg": true,
              "layout-wide-content": false,
              "layout-pt": 1,
              "layout-pb": 1,
              "hide-mobile": false,
              "hide-desktop": false,
              "button_text": {
                "ru": "Вернуться к покупкам",
                "en": "Back to shopping",
                "ua": "Повернутися до покупок",
                "es": "Volver a las compras"
              }
            },
            "widget_type": "system_widget_v4_back_to_catalog"
          },
          {
            "settings_data": {
              "layout-wide-bg": false,
              "layout-wide-content": false,
              "layout-pt": 1,
              "layout-pb": 0,
              "hide-mobile": false,
              "hide-desktop": false,
              "page_heading": {
                "ru": "Сравнение",
                "en": "Compare",
                "ua": "Порівняння",
                "es": "Comparación"
              },
              "img-ratio": 1.2,
              "img-fit": "contain",
              "rating-color": "#1B2738"
            },
            "widget_type": "system_widget_v4_compare_2"
          }
        ]
      },
      {
        "handle": "search-list",
        "kind": "content",
        "name": {
          "ru": "Поиск",
          "en": "Search",
          "ee": null,
          "lv": null,
          "lt": null,
          "ua": "Пошук",
          "fr": null,
          "de": null,
          "it": null,
          "cn": null,
          "jp": null,
          "pl": null,
          "az": null,
          "he": null,
          "bg": null,
          "el": null,
          "cz": null,
          "pt": null,
          "fi": null,
          "es": "Búsqueda"
        },
        "widgets": [
          {
            "settings_data": {
              "layout-wide-bg": false,
              "layout-wide-content": false,
              "layout-pt": "1",
              "layout-pb": "1",
              "hide-mobile": false,
              "hide-desktop": false,
              "align": "start",
              "delemeter": "2",
              "bg": "",
              "layout-ege": false,
              "breadcrumb-color": "#333333"
            },
            "widget_type": "system_widget_v4_breadcrumbs_1"
          },
          {
            "settings_data": {
              "layout-wide-bg": false,
              "layout-wide-content": false,
              "layout-pt": 1.5,
              "layout-pb": 0.5,
              "hide-mobile": false,
              "hide-desktop": false
            },
            "widget_type": "system_widget_v4_page_title_1"
          },
          {
            "settings_data": {
              "layout-wide-bg": true,
              "layout-wide-content": false,
              "layout-pt": 2,
              "layout-pb": 2,
              "hide-mobile": false,
              "hide-desktop": false
            },
            "widget_type": "system_widget_v4_search_form_1"
          },
          {
            "settings_data": {
              "layout-wide-bg": true,
              "layout-wide-content": false,
              "layout-pt": 3,
              "layout-pb": 3,
              "hide-mobile": false,
              "hide-desktop": false,
              "img-ratio": 1,
              "catalog-grid-list-min-width": 200,
              "catalog-grid-list-min-width-mobile": 150,
              "catalog-grid-list-row-gap": 1,
              "catalog-grid-list-row-gap-mobile": 2,
              "catalog-grid-list-column-gap": 2,
              "catalog-grid-list-column-gap-mobile": 1,
              "hide-description": true,
              "product-desc-limit": 10,
              "switch-img-on-hover": false,
              "product-info-accent": "price",
              "img-fit": "contain",
              "sticker-font-size": 0.7,
              "product-info-align": "left"
            },
            "widget_type": "system_widget_v4_catalog_4"
          },
          {
            "settings_data": {
              "layout-wide-bg": false,
              "layout-wide-content": false,
              "layout-pt": 3,
              "layout-pb": 3,
              "hide-mobile": false,
              "hide-desktop": false,
              "align": "center"
            },
            "widget_type": "system_widget_v4_pagination_3"
          }
        ]
      },
      {
        "handle": "product-list",
        "kind": "content",
        "name": {
          "ru": "Страница товара",
          "en": "Product page",
          "ee": null,
          "lv": null,
          "lt": null,
          "ua": "Сторінка товару",
          "fr": null,
          "de": null,
          "it": null,
          "cn": null,
          "jp": null,
          "pl": null,
          "az": null,
          "he": null,
          "bg": null,
          "el": null,
          "cz": null,
          "pt": null,
          "fi": null,
          "es": "Página del producto"
        },
        "widgets": [
          {
            "settings_data": {
              "layout-wide-bg": false,
              "layout-wide-content": false,
              "layout-pt": 0.5,
              "layout-pb": 0.5,
              "hide-mobile": false,
              "hide-desktop": false,
              "align": "start",
              "delemeter": "1",
              "bg": "",
              "layout-ege": false,
              "breadcrumb-color": "#333333"
            },
            "widget_type": "system_widget_v4_breadcrumbs_1"
          },
          {
            "settings_data": {
              "layout-pt": 1,
              "layout-pb": 3,
              "rating-color": "#76BC21",
              "product-hide-compare": true,
              "sale-bg": "#76BC21"
            },
            "widget_type": "system_widget_v4_product_1"
          },
          {
            "settings_data": {
              "layout-wide-bg": true,
              "layout-wide-content": false,
              "layout-pt": 2,
              "layout-pb": 2,
              "hide-mobile": false,
              "hide-desktop": false,
              "reviews-min-width": 450,
              "reviews-row-gap": 0.5,
              "reviews-column-gap": 2,
              "img-border-radius": 6,
              "rating-color": "#1b2738"
            },
            "widget_type": "system_widget_v4_product_info_2"
          },
          {
            "settings_data": {
              "layout-wide-bg": true,
              "layout-wide-content": false,
              "layout-pt": 3,
              "layout-pb": 3,
              "hide-mobile": false,
              "hide-desktop": false,
              "count-special-products": 10,
              "img-ratio": 1,
              "slide-width": 200,
              "slide-width-mobile": 130,
              "slide-gap": 30,
              "slide-gap-mobile": 15,
              "hide-description": true,
              "hide-compare": false,
              "product-desc-limit": 10,
              "switch-img-on-hover": false,
              "product-info-accent": "price",
              "img-fit": "contain",
              "sticker-font-size": 0.7,
              "product-info-align": "left",
              "title": {
                "ru": "Сопутствующие товары",
                "en": "Related products",
                "ua": "Супутні товари",
                "es": "Productos relacionados"
              },
              "hide-mobile-modal-variants": false
            },
            "widget_type": "system_widget_v4_products_related_5"
          },
          {
            "settings_data": {
              "layout-wide-bg": true,
              "layout-wide-content": false,
              "layout-pt": 3,
              "layout-pb": 3,
              "hide-mobile": false,
              "hide-desktop": false,
              "count-special-products": 10,
              "img-ratio": 1,
              "slide-width": 200,
              "slide-width-mobile": 130,
              "slide-gap": 30,
              "slide-gap-mobile": 15,
              "hide-description": true,
              "hide-compare": false,
              "product-desc-limit": 10,
              "switch-img-on-hover": false,
              "product-info-accent": "price",
              "img-fit": "contain",
              "sticker-font-size": 0.7,
              "product-info-align": "left",
              "title": {
                "ru": "Аналогичные товары",
                "en": "Similar products",
                "ua": "Аналогічні товари",
                "es": "Productos similares"
              },
              "hide-mobile-modal-variants": false
            },
            "widget_type": "system_widget_v4_products_similar_5"
          }
        ]
      },
      {
        "handle": "compare-section_bottom-list",
        "kind": "after_content",
        "name": {
          "ru": "Нижняя секция страницы сравнения",
          "en": "Bottom section of the comparison page",
          "ee": null,
          "lv": null,
          "lt": null,
          "ua": "Нижня секція сторінки порівняння",
          "fr": null,
          "de": null,
          "it": null,
          "cn": null,
          "jp": null,
          "pl": null,
          "az": null,
          "he": null,
          "bg": null,
          "el": null,
          "cz": null,
          "pt": null,
          "fi": null,
          "es": "Sección inferior de la página de comparación"
        },
        "widgets": []
      },
      {
        "handle": "search-section_bottom-list",
        "kind": "after_content",
        "name": {
          "ru": "Нижняя секция страницы поиска",
          "en": "Bottom section of the search page",
          "ee": null,
          "lv": null,
          "lt": null,
          "ua": "Нижня секція сторінки пошуку",
          "fr": null,
          "de": null,
          "it": null,
          "cn": null,
          "jp": null,
          "pl": null,
          "az": null,
          "he": null,
          "bg": null,
          "el": null,
          "cz": null,
          "pt": null,
          "fi": null,
          "es": "Sección inferior de la página de búsqueda"
        },
        "widgets": []
      },
      {
        "handle": "index-section_bottom-list",
        "kind": "after_content",
        "name": {
          "ru": "Нижняя секция страницы",
          "en": "Bottom section of the page",
          "ee": null,
          "lv": null,
          "lt": null,
          "ua": "Нижня секція сторінки",
          "fr": null,
          "de": null,
          "it": null,
          "cn": null,
          "jp": null,
          "pl": null,
          "az": null,
          "he": null,
          "bg": null,
          "el": null,
          "cz": null,
          "pt": null,
          "fi": null,
          "es": "Sección inferior de la página"
        },
        "widgets": []
      },
      {
        "handle": "page-section_bottom-list",
        "kind": "after_content",
        "name": {
          "ru": "Нижняя секция страницы",
          "en": "Bottom section of the page",
          "ee": null,
          "lv": null,
          "lt": null,
          "ua": "Нижня секція сторінки",
          "fr": null,
          "de": null,
          "it": null,
          "cn": null,
          "jp": null,
          "pl": null,
          "az": null,
          "he": null,
          "bg": null,
          "el": null,
          "cz": null,
          "pt": null,
          "fi": null,
          "es": "Sección inferior de la página"
        },
        "widgets": []
      },
      {
        "handle": "blog-section_bottom-list",
        "kind": "after_content",
        "name": {
          "ru": "Нижняя секция страницы блога",
          "en": "Bottom section of the blog page",
          "ee": null,
          "lv": null,
          "lt": null,
          "ua": "Нижня секція сторінки блогу",
          "fr": null,
          "de": null,
          "it": null,
          "cn": null,
          "jp": null,
          "pl": null,
          "az": null,
          "he": null,
          "bg": null,
          "el": null,
          "cz": null,
          "pt": null,
          "fi": null,
          "es": "Sección inferior de la página del blog"
        },
        "widgets": []
      },
      {
        "handle": "collection-section_bottom-list",
        "kind": "after_content",
        "name": {
          "ru": "Нижняя секция категории",
          "en": "Bottom section of the category",
          "ee": null,
          "lv": null,
          "lt": null,
          "ua": "Нижня секція категорії",
          "fr": null,
          "de": null,
          "it": null,
          "cn": null,
          "jp": null,
          "pl": null,
          "az": null,
          "he": null,
          "bg": null,
          "el": null,
          "cz": null,
          "pt": null,
          "fi": null,
          "es": "Sección inferior de la categoría"
        },
        "widgets": []
      },
      {
        "handle": "cart-section_top-list",
        "kind": "before_content",
        "name": {
          "ru": "Верхняя секция корзины",
          "en": "Top section of the cart page",
          "ee": null,
          "lv": null,
          "lt": null,
          "ua": "Верхняя секция корзины",
          "fr": null,
          "de": null,
          "it": null,
          "cn": null,
          "jp": null,
          "pl": null,
          "az": null,
          "he": null,
          "bg": null,
          "el": null,
          "cz": null,
          "pt": null,
          "fi": null,
          "es": "Sección superior de la página del carrito"
        },
        "widgets": []
      },
      {
        "handle": "article-section_top-list",
        "kind": "before_content",
        "name": {
          "ru": "Верхняя секция статьи",
          "en": "Top section of the article",
          "ee": null,
          "lv": null,
          "lt": null,
          "ua": "Верхня секція статті",
          "fr": null,
          "de": null,
          "it": null,
          "cn": null,
          "jp": null,
          "pl": null,
          "az": null,
          "he": null,
          "bg": null,
          "el": null,
          "cz": null,
          "pt": null,
          "fi": null,
          "es": "Sección superior del artículo"
        },
        "widgets": []
      },
      {
        "handle": "blog-section_top-list",
        "kind": "before_content",
        "name": {
          "ru": "Верхняя секция блога",
          "en": "Top section of the blog",
          "ee": null,
          "lv": null,
          "lt": null,
          "ua": "Верхня секція блогу",
          "fr": null,
          "de": null,
          "it": null,
          "cn": null,
          "jp": null,
          "pl": null,
          "az": null,
          "he": null,
          "bg": null,
          "el": null,
          "cz": null,
          "pt": null,
          "fi": null,
          "es": "Sección superior del blog"
        },
        "widgets": []
      },
      {
        "handle": "page-list",
        "kind": "content",
        "name": {
          "ru": "Страница",
          "en": "Page",
          "ee": null,
          "lv": null,
          "lt": null,
          "ua": "Сторінка",
          "fr": null,
          "de": null,
          "it": null,
          "cn": null,
          "jp": null,
          "pl": null,
          "az": null,
          "he": null,
          "bg": null,
          "el": null,
          "cz": null,
          "pt": null,
          "fi": null,
          "es": "Página"
        },
        "widgets": [
          {
            "settings_data": {
              "layout-wide-bg": false,
              "layout-wide-content": false,
              "layout-pt": "1",
              "layout-pb": "1",
              "hide-mobile": false,
              "hide-desktop": false,
              "align": "start",
              "delemeter": "2",
              "bg": "",
              "layout-ege": false,
              "breadcrumb-color": "#333333"
            },
            "widget_type": "system_widget_v4_breadcrumbs_1"
          },
          {
            "settings_data": {
              "layout-wide-bg": false,
              "layout-wide-content": false,
              "layout-pt": 1.5,
              "layout-pb": 0.5,
              "hide-mobile": false,
              "hide-desktop": false
            },
            "widget_type": "system_widget_v4_page_title_1"
          },
          {
            "settings_data": {
              "layout-wide-bg": false,
              "layout-wide-content": false,
              "layout-pt": 0,
              "layout-pb": 2,
              "hide-mobile": false,
              "hide-desktop": false
            },
            "widget_type": "system_widget_v4_page_content_1"
          }
        ]
      },
      {
        "handle": "blog-list",
        "kind": "content",
        "name": {
          "ru": "Блог",
          "en": "Blog",
          "ee": null,
          "lv": null,
          "lt": null,
          "ua": "Блог",
          "fr": null,
          "de": null,
          "it": null,
          "cn": null,
          "jp": null,
          "pl": null,
          "az": null,
          "he": null,
          "bg": null,
          "el": null,
          "cz": null,
          "pt": null,
          "fi": null,
          "es": "Blog"
        },
        "widgets": [
          {
            "settings_data": {
              "layout-wide-bg": false,
              "layout-wide-content": false,
              "layout-pt": 2,
              "layout-pb": 2,
              "hide-mobile": false,
              "hide-desktop": false,
              "tags-background-color": "#fafafa",
              "item-background-color": "",
              "grid-list-row-gap": 2,
              "hide-date": false,
              "blog_desc_limit": 100,
              "hide-tags": true,
              "hide-description": false,
              "hide-article-tags": true,
              "img-border-radius": 6,
              "img-ratio": 1.5,
              "widget-heading-ratio": 1.5,
              "widget-heading-weight": 500
            },
            "widget_type": "system_widget_v4_blog_1"
          },
          {
            "settings_data": {
              "layout-wide-bg": false,
              "layout-wide-content": false,
              "layout-pt": 3,
              "layout-pb": 3,
              "hide-mobile": false,
              "hide-desktop": false,
              "align": "center"
            },
            "widget_type": "system_widget_v4_pagination_3"
          }
        ]
      },
      {
        "handle": "sidebar_collection-list",
        "kind": "sidebar",
        "name": {
          "ru": "Сайдбар",
          "en": "Sidebar",
          "ee": null,
          "lv": null,
          "lt": null,
          "ua": "Сайдбар",
          "fr": null,
          "de": null,
          "it": null,
          "cn": null,
          "jp": null,
          "pl": null,
          "az": null,
          "he": null,
          "bg": null,
          "el": null,
          "cz": null,
          "pt": null,
          "fi": null,
          "es": "Barra lateral"
        },
        "widgets": [
          {
            "settings_data": {
              "layout-pt": 0.5,
              "layout-pb": 1,
              "hide-mobile": false,
              "hide-desktop": false,
              "hide-sorting-on-desktop": false,
              "hide-sorting-on-mobile": false,
              "hide-heading": true,
              "filter-onchange-submit": true,
              "title": {
                "ru": "Фильтры",
                "en": "Filters",
                "ua": "Фільтри",
                "es": "Filtros"
              }
            },
            "widget_type": "system_widget_v4_sidebar_filter_2"
          }
        ]
      },
      {
        "handle": "favorite-list",
        "kind": "content",
        "name": {
          "ru": "Избранное",
          "en": "Favorites",
          "ee": null,
          "lv": null,
          "lt": null,
          "ua": "Вибране",
          "fr": null,
          "de": null,
          "it": null,
          "cn": null,
          "jp": null,
          "pl": null,
          "az": null,
          "he": null,
          "bg": null,
          "el": null,
          "cz": null,
          "pt": null,
          "fi": null,
          "es": "Favoritos"
        },
        "widgets": [
          {
            "settings_data": {
              "layout-wide-bg": true,
              "layout-wide-content": false,
              "layout-pt": 1.5,
              "layout-pb": 0.5,
              "hide-mobile": false,
              "hide-desktop": false
            },
            "widget_type": "system_widget_v4_page_title_1"
          },
          {
            "settings_data": {
              "layout-wide-bg": true,
              "layout-wide-content": false,
              "layout-pt": 3,
              "layout-pb": 3,
              "hide-mobile": false,
              "hide-desktop": false,
              "img-ratio": 1,
              "catalog-grid-list-min-width": 200,
              "catalog-grid-list-min-width-mobile": 150,
              "catalog-grid-list-row-gap": 1,
              "catalog-grid-list-row-gap-mobile": 2,
              "catalog-grid-list-column-gap": 2,
              "catalog-grid-list-column-gap-mobile": 1,
              "hide-description": true,
              "product-desc-limit": 10,
              "switch-img-on-hover": false,
              "product-info-accent": "price",
              "img-fit": "contain",
              "sticker-font-size": 0.7,
              "product-info-align": "left"
            },
            "widget_type": "system_widget_v4_catalog_4"
          }
        ]
      },
      {
        "handle": "product-section_top-list",
        "kind": "before_content",
        "name": {
          "ru": "Верхняя секция страницы товара",
          "en": "Top section of product page",
          "ee": null,
          "lv": null,
          "lt": null,
          "ua": "Верхня секція сторінки товару",
          "fr": null,
          "de": null,
          "it": null,
          "cn": null,
          "jp": null,
          "pl": null,
          "az": null,
          "he": null,
          "bg": null,
          "el": null,
          "cz": null,
          "pt": null,
          "fi": null,
          "es": "Sección superior de la página del producto"
        },
        "widgets": []
      },
      {
        "handle": "collection-section_top-list",
        "kind": "before_content",
        "name": {
          "ru": "Верхняя секция категории",
          "en": "Top section of the category",
          "ee": null,
          "lv": null,
          "lt": null,
          "ua": "Верхня секція категорії",
          "fr": null,
          "de": null,
          "it": null,
          "cn": null,
          "jp": null,
          "pl": null,
          "az": null,
          "he": null,
          "bg": null,
          "el": null,
          "cz": null,
          "pt": null,
          "fi": null,
          "es": "Sección superior de la categoría"
        },
        "widgets": [
          {
            "settings_data": {
              "layout-wide-bg": false,
              "layout-wide-content": false,
              "layout-pt": "1",
              "layout-pb": "1",
              "hide-mobile": false,
              "hide-desktop": false,
              "align": "start",
              "delemeter": "1",
              "bg": "",
              "layout-ege": false,
              "breadcrumb-color": "#333333"
            },
            "widget_type": "system_widget_v4_breadcrumbs_1"
          },
          {
            "settings_data": {
              "layout-wide-bg": true,
              "layout-wide-content": false,
              "layout-pt": 1.5,
              "layout-pb": 0.5,
              "hide-mobile": false,
              "hide-desktop": true
            },
            "widget_type": "system_widget_v4_page_title_1"
          }
        ]
      },
      {
        "handle": "outside-list",
        "kind": "outside",
        "name": {
          "ru": "Вне контента",
          "en": "Outside content",
          "ee": null,
          "lv": null,
          "lt": null,
          "ua": "Поза контенту",
          "fr": null,
          "de": null,
          "it": null,
          "cn": null,
          "jp": null,
          "pl": null,
          "az": null,
          "he": null,
          "bg": null,
          "el": null,
          "cz": null,
          "pt": null,
          "fi": null,
          "es": "Contenido externo"
        },
        "widgets": [
          {
            "settings_data": {
              "layout-pt": 3,
              "layout-pb": 3,
              "layout-content-max-width": 480,
              "form_title": {
                "ru": "Обратный звонок",
                "en": "Back call",
                "ua": "Зворотний дзвінок",
                "es": "Llamada de vuelta"
              },
              "submit_btn_title": {
                "ru": "Отправить",
                "en": "Send",
                "ua": "Відправити",
                "es": "Enviar"
              },
              "hide-use-agree": false,
              "success_message": {
                "ru": "Запрос успешно отправлен!",
                "en": "Request sent successfully!",
                "ua": "Запит успішно відправлений!",
                "es": "¡Solicitud enviada con éxito!"
              },
              "hide-field-content": true
            },
            "widget_type": "system_widget_v4_callback_modal_1"
          },
          {
            "settings_data": {
              "layout-pt": 3,
              "layout-pb": 3,
              "layout-content-max-width": 480,
              "form_title": {
                "ru": "Предзаказ",
                "en": "Preorder",
                "ua": "Передзамовлення",
                "es": "Hacer un pedido"
              },
              "submit_btn_title": {
                "ru": "Отправить",
                "en": "Send",
                "ua": "Відправити",
                "es": "Enviar"
              },
              "hide-use-agree": false,
              "success_message": {
                "ru": "Предзаказ успешно отправлен!",
                "en": "Preorder sent successfully!",
                "ua": "Передзамовлення успішно відправлен!",
                "es": "Hacer un pedido enviado correctament!"
              },
              "agree_text": {
                "ru": "Нажимая на кнопку «Отправить», вы принимаете условия оферты",
                "en": "By clicking on the «Send» button, you accept the terms of the offer",
                "ua": "Натискаючи на кнопку «Відправити», ви приймаєте умови оферти",
                "es": "Al hacer clic en el botón 'Enviar', acepta los términos de la oferta"
              }
            },
            "widget_type": "system_widget_v4_preorder_1"
          },
          {
            "settings_data": {
              "success_feedback": {
                "ru": "✓ Сообщение успешно отправлено",
                "en": "✓ Message sent successfully",
                "ua": "✓ Повідомлення успішно відправлено",
                "es": "✓ Mensaje enviado con éxito"
              },
              "success_cart": {
                "ru": "✓ Товар добавлен в корзину",
                "en": "✓ Product added to cart",
                "ua": "✓ Товар доданий в кошик",
                "es": "✓ Producto añadido al carrito"
              },
              "add_item_compares": {
                "ru": "Товар добавлен в сравнение",
                "en": "Product added to comparison",
                "ua": "Товар доданий в порівняння",
                "es": "Producto añadido al comparación"
              },
              "remove_item_compares": {
                "ru": "Товар удален из сравнения",
                "en": "Product removed from comparison",
                "ua": "Товар вилучений з порівняння",
                "es": "Producto eliminado de la comparación"
              },
              "add_item_favorites": {
                "ru": "✓ Товар добавлен в избранное",
                "en": "✓ Product added to favorites",
                "ua": "✓ Товар доданий в обране",
                "es": "✓ Producto añadido al favoritos"
              },
              "remove_item_favorites": {
                "ru": "Товар удален из избранного",
                "en": "Product removed from favorites",
                "ua": "Товар вилучений з обраного",
                "es": "Producto eliminado de favoritos"
              },
              "overload_compares": {
                "ru": "⚠ Достигнуто максимальное количество товаров для сравнения",
                "en": "⚠ The maximum number of items for comparison has been reached",
                "ua": "⚠ Досягнуто максимальну кількість товарів для порівняння",
                "es": "⚠ Se alcanzó el número máximo de elementos para comparar"
              },
              "overload_quantity": {
                "ru": "⚠ Достигнуто максимальное количество единиц товара для заказа",
                "en": "⚠ The maximum number of items for the order has been reached",
                "ua": "⚠ Досягнуто максимальну кількість одиниць товару для замовлення",
                "es": "⚠ Se ha alcanzado el número máximo de artículos para el pedido"
              },
              "success_preorder": {
                "ru": "✓ Предзаказ успешно отправлен",
                "en": "✓ Preorder sent successfully",
                "ua": "✓ Передзамовлення успішно відправлен",
                "es": "✓ Hacer un pedido enviado correctament"
              },
              "info-color": "#cce5ff",
              "success-color": "#d4edda",
              "warning-color": "#fff3cd",
              "danger-color": "#f8d7da"
            },
            "widget_type": "system_widget_v4_alerts"
          },
          {
            "settings_data": {
              "layout-pt": 3,
              "layout-pb": 3,
              "layout-content-max-width": 750
            },
            "widget_type": "system_widget_v4_notification_add_to_cart_1"
          },
          {
            "settings_data": {
              "hide-desktop": true,
              "hide-mobile": true,
              "align": "right",
              "size": 1.5,
              "margin-top": 1,
              "margin-side": 1,
              "button-view": "border",
              "button-show": "onscroll",
              "use_widget_border_radius": false,
              "button-border-radius": 10
            },
            "widget_type": "system_widget_v4_cart_fixed_button_1"
          },
          {
            "settings_data": {
              "hide-desktop": false,
              "hide-mobile": true,
              "align": "right",
              "size": 1.5,
              "icon-view": "icon-arrow-up",
              "margin-bottom": 4.5,
              "margin-side": 1,
              "button-view": "bg"
            },
            "widget_type": "system_widget_v4_button_on_top_1"
          },
          {
            "settings_data": {
              "layout-wide-bg": true,
              "layout-wide-content": false,
              "layout-pt": 3,
              "layout-pb": 2,
              "hide-mobile": false,
              "hide-desktop": false,
              "cookie_show": false,
              "cookie_button_text": {
                "ru": "Понятно",
                "en": "Understand",
                "ua": "Зрозуміло",
                "es": "Entendido"
              },
              "cookie_text": {
                "ru": "<p>Продолжая использовать наш сайт, вы даете согласие на обработку файлов cookie, которые обеспечивают правильную работу сайта и соглашаетесь с нашей <a href='#' target='_blank'>Политикой безопасности</a></p>",
                "en": "<p>By continuing to use our site, you consent to the processing of cookies that ensure the correct operation of the site and you agree to our <a href='#' target='_blank'>Security Policy</a></p>",
                "ua": "<p>Продовжуючи використовувати наш сайт, ви даєте згоду на обробку файлів cookie, які забезпечують правильну роботу сайту і погоджуєтеся з нашою <a href='#' target='_blank'>Безпековою</a></p>",
                "es": "<p>Al continuar usando nuestro sitio, usted acepta el procesamiento de cookies que garantizan el correcto funcionamiento del sitio y acepta nuestra <a href='#' target='_blank'>Politica de seguridad</a></p>"
              }
            },
            "widget_type": "system_widget_v4_modal_cookie_1"
          },
          {
            "settings_data": {
              "sticker-sale": "#e44542",
              "sticker-preorder": "#e44542",
              "sticker-bg-default": "#1b2738"
            },
            "widget_type": "system_widget_v4_stiker_hex_color_2",
            "data_handle": "block-list-b3f05b90285e742d00-3"
          }
        ]
      },
      {
        "handle": "sidebar_blog-list",
        "kind": "sidebar",
        "name": {
          "ru": "Сайдбар",
          "ua": "Сайдбар",
          "en": "Sidebar",
          "es": "Barra lateral"
        },
        "widgets": []
      },
      {
        "name": {
          "ru": "Сайдбар",
          "ua": "Сайдбар",
          "en": "Sidebar",
          "es": "Barra lateral"
        },
        "handle": "sidebar_index-list",
        "kind": "sidebar",
        "widgets": []
      },
      {
        "name": {
          "ru": "Сайдбар",
          "ua": "Сайдбар",
          "en": "Sidebar",
          "es": "Barra lateral"
        },
        "handle": "sidebar_article-list",
        "kind": "sidebar",
        "widgets": []
      },
      {
        "name": {
          "ru": "Сайдбар",
          "ua": "Сайдбар",
          "en": "Sidebar",
          "es": "Barra lateral"
        },
        "handle": "sidebar_compare-list",
        "kind": "sidebar",
        "widgets": []
      },
      {
        "name": {
          "ru": "Сайдбар",
          "ua": "Сайдбар",
          "en": "Sidebar",
          "es": "Barra lateral"
        },
        "handle": "sidebar_product-list",
        "kind": "sidebar",
        "widgets": []
      },
      {
        "name": {
          "ru": "Сайдбар",
          "ua": "Сайдбар",
          "en": "Sidebar",
          "es": "Barra lateral"
        },
        "handle": "sidebar_favorite-list",
        "kind": "sidebar",
        "widgets": []
      },
      {
        "name": {
          "ru": "Сайдбар",
          "ua": "Сайдбар",
          "en": "Sidebar",
          "es": "Barra lateral"
        },
        "handle": "sidebar_search-list",
        "kind": "sidebar",
        "widgets": []
      },
      {
        "name": {
          "ru": "Сайдбар",
          "ua": "Сайдбар",
          "en": "Sidebar",
          "es": "Barra lateral"
        },
        "handle": "sidebar_page-list",
        "kind": "sidebar",
        "widgets": []
      },
      {
        "name": {
          "ru": "Сайдбар",
          "ua": "Сайдбар",
          "en": "Sidebar",
          "es": "Barra lateral"
        },
        "handle": "sidebar_cart-list",
        "kind": "sidebar",
        "widgets": []
      },
      {
        "handle": "footer-list",
        "kind": "footer",
        "name": {
          "ru": "Подвал",
          "en": "Footer",
          "ee": null,
          "lv": null,
          "lt": null,
          "ua": "Підвал",
          "fr": null,
          "de": null,
          "it": null,
          "cn": null,
          "jp": null,
          "pl": null,
          "az": null,
          "he": null,
          "bg": null,
          "el": null,
          "cz": null,
          "pt": null,
          "fi": null,
          "es": "Pie de página"
        },
        "widgets": [
          {
            "settings_data": {
              "layout-wide-bg": false,
              "layout-wide-content": false,
              "layout-pt": 2,
              "layout-pb": 2,
              "hide-mobile": false,
              "hide-desktop": false,
              "menu_handle": "main-menu"
            },
            "widget_type": "system_widget_v4_footer_2"
          }
        ]
      },
      {
        "handle": "header-list",
        "kind": "header",
        "name": {
          "ru": "Шапка",
          "en": "Header",
          "ee": null,
          "lv": null,
          "lt": null,
          "ua": "Шапка",
          "fr": null,
          "de": null,
          "it": null,
          "cn": null,
          "jp": null,
          "pl": null,
          "az": null,
          "he": null,
          "bg": null,
          "el": null,
          "cz": null,
          "pt": null,
          "fi": null,
          "es": "Encabezamiento"
        },
        "widgets": [
          {
            "settings_data": {
              "logo-max-width": 160,
              "layout-pt": 1,
              "layout-pb": 1,
              "hide-mobile": false,
              "hide-desktop": false,
              "layout-wide-bg": true,
              "layout-wide-content": false,
              "hide-language": false,
              "hide-compare": true,
              "hide-personal": false,
              "menu-1": "main-menu",
              "bage-bg": "#EE632C",
              "catalog-location": "show-immediately",
              "mobile-panel-right-btn": "cart"
            },
            "widget_type": "system_widget_v4_header_11_1"
          }
        ]
      },
      {
        "handle": "index-list",
        "kind": "content",
        "name": {
          "ru": "Контент",
          "en": "Content",
          "ee": null,
          "lv": null,
          "lt": null,
          "ua": "Контент",
          "fr": null,
          "de": null,
          "it": null,
          "cn": null,
          "jp": null,
          "pl": null,
          "az": null,
          "he": null,
          "bg": null,
          "el": null,
          "cz": null,
          "pt": null,
          "fi": null,
          "es": "Contenido"
        },
        "widgets": [
          {
            "settings_data": {
              "layout-wide-bg": true,
              "layout-wide-content": false,
              "layout-pt": 0,
              "layout-pb": 2,
              "hide-mobile": false,
              "hide-desktop": false,
              "count-special-products": 12,
              "img-ratio": 1,
              "catalog-grid-list-min-width": 180,
              "catalog-grid-list-min-width-mobile": 130,
              "catalog-grid-list-row-gap": 2,
              "catalog-grid-list-row-gap-mobile": 2,
              "catalog-grid-list-column-gap": 2,
              "catalog-grid-list-column-gap-mobile": 1,
              "hide-description": true,
              "product-desc-limit": 10,
              "switch-img-on-hover": false,
              "product-info-accent": "no",
              "img-fit": "contain",
              "sticker-font-size": 0.7,
              "product-info-align": "left",
              "hide-mobile-modal-variants": false,
              "сategory-link-alignment": "center",
              "widget-heading-ratio": 1.25,
              "widget-heading-weight": 400,
              "border-radius": 0
            },
            "widget_type": "system_widget_v4_special_products_tabs_9",
            "data_handle": "block-list-f063d003ca22b5a7"
          },
          {
            "settings_data": {
              "layout-wide-bg": false,
              "layout-wide-content": false,
              "layout-pt": 2,
              "layout-pb": 2,
              "hide-mobile": false,
              "hide-desktop": false,
              "hide-title": false,
              "grid-list-min-width": 220,
              "grid-list-row-gap": 2,
              "grid-list-column-gap": 2,
              "subcollection-border-radius": 0,
              "text-align": "left",
              "img-ratio": 1,
              "img-fit": "cover",
              "card-font-size": 20,
              "coll_limit": 50
            },
            "widget_type": "system_widget_v4_collections_on_index_1"
          }
        ]
      },
      {
        "handle": "shared_cart-list",
        "kind": "content",
        "owner_id": null,
        "owner_type": null,
        "name": {
          "ru": "Поделиться корзиной",
          "en": "Share a shopping cart",
          "ee": null,
          "lv": null,
          "lt": null,
          "ua": "Поділитися кошиком",
          "fr": null,
          "de": null,
          "it": null,
          "cn": null,
          "jp": null,
          "pl": null,
          "az": null,
          "he": null,
          "bg": null,
          "el": null,
          "cz": null,
          "pt": null,
          "fi": null,
          "es": "поделиться корзиной"
        },
        "widgets": [
          {
            "settings_data": {
              "layout-wide-bg": true,
              "layout-wide-content": false,
              "layout-pt": 2,
              "layout-pb": 2,
              "hide-mobile": false,
              "hide-desktop": false,
              "block-background-color": "#fafafa",
              "layout-content-max-width": 930,
              "page_header": {
                "ru": "Состав заказа",
                "en": "Composition of the order",
                "ua": "Склад замовлення",
                "es": "Composición del pedido"
              },
              "add_to_cart": {
                "ru": "Добавить в корзину",
                "en": "Add to cart",
                "ua": "Додати в кошик",
                "es": "Añadir al carrito"
              },
              "border-radius": 0,
              "img-ratio": 1,
              "img-fit": "contain"
            },
            "widget_type": "system_widget_v4_shared_cart_1"
          }
        ]
      }
    ],
    "widget_types": []
  }
}